{"cameraMode":{"drawMode":0,"name":"Shaded","section":"Shading Mode"},"sceneLighting":false,"audioPlay":false,"sceneViewState":{"showFog":true,"showMaterialUpdate":false,"showSkybox":false,"showFlares":true,"showImageEffects":true,"showParticleSystems":true},"in2DMode":false,"pivot":{"x":0.5000000596046448,"y":0.5000000596046448,"z":0.5},"rotation":{"x":0.3129323720932007,"y":-0.38307181000709536,"z":0.13975119590759278,"w":0.8577940464019775},"size":7.497873306274414,"orthographic":false}